[
  {
    "id": 1,
    "name": "Nutuk",
    "author": "Mustafa Kemal Atatürk",
    "price": 19.25,
    "oldPrice": null,
    "description": "Ey Türk gençliği! Birinci görevin, Türk bağımsızlığını, Türk Cumhuriyeti'ni sonsuza kadar korumak ve savunmaktır.",
    "starRate": 5,
    "reviewCount": 1938,
    "stock": 1881,
    "imgSource": "./assets/images/books/nutuk.jpg",
    "type": "HISTORY"
  },
  {
    "id": 2,
    "name": "Hayvan Çiftliği",
    "author": "George Orwell",
    "price": 11.7,
    "oldPrice": null,
    "description": "Hayvan Çiftliği George Orwell’in modern klasikler arasına girmiş ikinci ünlü romanı ve çarpıcı bir politik taşlamadır. Şimdiye kadar yazılmış en iyi sistem eleştirilerinden biri olan bu roman, özgürlük amaçlı bir devrimin nasıl tek adamlığa evrilebileceğini gözler önüne serer. George Orwell’in alegorisi, bugün özgürlüğün saldırıya uğradığı her durum ve yerde güncelliğini koruyor.",
    "starRate": 4.7,
    "reviewCount": 330,
    "stock": 7,
    "imgSource": "./assets/images/books/hayvan-ciftligi.jpg",
    "type": "NOVEL"
  },
  {
    "id": 3,
    "name": "Zengin Baba Yoksul Baba",
    "author": "Robert T. Kiyosaki ",
    "price": 44.9,
    "oldPrice": null,
    "description": "Bize okul sistemlerinin parayla ilgili öğrettiklerine neden güvenmememiz gerektiğini hatırlatır ve bu önemli yeteneğin neden bugün hiç olmadığı kadar önemli olduğunu açıklar.Çocuklarınıza paraya dair neler öğretmeniz gerektiğini açıklar, böylece onlar da günümüz dünyasının zorluklarına ve fırsatlarına kendilerini hazırlayabilir ve hak ettikleri zengin yaşamı sürebilir.",
    "starRate": 4.2,
    "reviewCount": 130,
    "stock": 3,
    "imgSource": "./assets/images/books/zengin-baba-yoksul-baba.jpg",
    "type": "FINANCE"
  },
  {
    "id": 4,
    "name": "Açlık Oyunları 3 - Alaycı Kuş",
    "author": "Suzanne Collins",
    "price": 40.89,
    "oldPrice": null,
    "description": "Biz yanarsak, siz de bizimle yanacaksınız!",
    "starRate": 4.2,
    "reviewCount": 560,
    "stock": 6,
    "imgSource": "./assets/images/books/alayci-kus.jpg",
    "type": "NOVEL"
  },
  {
    "id": 5,
    "name": "Hep Hayır! Diyen Çocuk",
    "author": " Charlie Griffin",
    "price": 9.99,
    "oldPrice": 14.5,
    "description": "Hep 'Hayır!' Diyen Çocuk Kurallardan pek hoşlanmayan Berk, bir gün her şeye Hayır! demeye başladı. Kalkıp giyinmeye Hayır! Banyo keyfine Hayır! Güzel yiyeceklere Hayır! Annesinin aklına bir fikir geldi. Bakalım hep Hayır! Diyen Berk'i ikna edebilecek mi?",
    "starRate": 3.7,
    "reviewCount": 410,
    "stock": 450,
    "imgSource": "./assets/images/books/hep-hayir-diyen-cocuk.jpg",
    "type": "CHILDREN"
  },
  {
    "id": 6,
    "name": "Avcunuzdaki Kelebek",
    "author": "Ahmet Şerif İzgören ",
    "price": 22.99,
    "oldPrice": null,
    "description": "Tebrikler! Çok net başka bir şey söylemem mümkün değil. Sanırım hızlı okuma rekoru kırmış olabilirim. Bu kadar duygu yüklü, bu kadar gerçekleri gözler önüne serebilen, hala umut olabileceğine dair bu kadar mesaj bir arada nasıl verilir, gerçekten tebrikler",
    "starRate": 4.3,
    "reviewCount": 145,
    "stock": 321,
    "imgSource": "./assets/images/books/avucunuzdaki-kelebek.jpg",
    "type": "SELFIMPROVEMENT"
  },
  {
    "id": 7,
    "name": "Kumarbaz",
    "author": "Fyodor Mihayloviç Dostoyevski ",
    "price": 13.29,
    "oldPrice": null,
    "description": "Şu sırada neyim ben? Koskoca bir sıfır. Yarın ne olabilirim? Hiç. Yarın ölür, yeniden dirilerek yeni bir hayata başlayabilirim!.. İçimdeki insanı iyice mahvolmadan kurtaracağım.",
    "starRate": 4.3,
    "reviewCount": 173,
    "stock": 73,
    "imgSource": "./assets/images/books/kumarbaz.jpg",
    "type": "NOVEL"
  },

  {
    "id": 8,
    "name": "Utangaç Ayı Monti",
    "author": "Duncan Beedie",
    "price": 16.99,
    "oldPrice": null,
    "description": "Evvel zaman içinde bir ayı vardı Monti’ydi onun adı. Gözlerini dikip bakmaya, herkesi seyretmeye bayılırdı. Aslında Ayı Monti kabalık etmek istemiyordu, ama öyle meraklıydı ki kendini tutamıyordu...",
    "starRate": 4.3,
    "reviewCount": 189,
    "stock": 89,
    "imgSource": "./assets/images/books/utangac-ayi-monti.jpg",
    "type": "CHILDREN"
  },
  {
    "id": 9,
    "name": "Kara Delikler",
    "author": "Stephen Hawking",
    "price": 19.99,
    "oldPrice": 34.5,
    "description": "2016 yılının BBC Reith derslerinde Stephen Hawking, bütün bir ömür süren araştırmalarını on beş dakika içinde aktarma gibi gerçekten zorlu bir meydan okumayı kabul etti. Bu çok kısa süren derslerde Hawking, evrenin gizemlerini ortaya sererken, kara delikleri anladığımız takdirde uzayzamanın sırlarına erişebileceğimizi vurguluyor.",
    "starRate": 4.3,
    "reviewCount": 78,
    "stock": 80,
    "imgSource": "./assets/images/books/kara-delikler.jpg",
    "type": "SCIENCE"
  },
  {
    "id": 10,
    "name": "İnsan Geleceğini Nasıl Kurar?",
    "author": "İlber Ortaylı",
    "price": 34.99,
    "oldPrice": 47.49,
    "description": "İnsan Geleceğini Nasıl Kurar? yaşam tecrübesini paylaşmayı vazife bilen bir entelektüelden, İlber Hoca’dan, okurlar için bir yol açma, yol yapma, kendini inşa etme ve toplumu ayağa kaldırma rehberi. Platon, Seneca, Cicero, Farabi gibi bilgelerin ilhamı eşliğinde ve Yenal Bilgici’nin sorularıyla…",
    "starRate": 4.5,
    "reviewCount": 250,
    "stock": 14,
    "imgSource": "./assets/images/books/insan-gelecegini-nasil-kurar.jpg",
    "type": "SELFIMPROVEMENT"
  },
  {
    "id": 11,
    "name": "Hayvanlardan Tanrılara - Sapiens",
    "author": "Yuval Noah Harari ",
    "price": 52.29,
    "oldPrice": 65,
    "description": "İsrailli Yazar ve Tarih Profesörü Yuval Noah Harari’nin kaleme aldığı Hayvanlardan Tanrılara Sapiens, son yılların en çok ses getiren kitapları arasında yer alıyor. Başlangıçtan bugüne insanın tarihsel yolculuğunu ele alan eser, bugünü meydana getiren tüm koşulları fenni ve sosyal bilimler ışığında detaylandırıyor",
    "starRate": 4.2,
    "reviewCount": 480,
    "stock": 490,
    "imgSource": "./assets/images/books/sapiens.jpg",
    "type": "HISTORY"
  },
  {
    "id": 12,
    "name": "Savaş ve Barış",
    "author": "Tolstoy",
    "price": 24.6,
    "oldPrice": null,
    "description": "Eğer herkes sadece kendi inanışları için savaşsaydı, savaş olmazdı...",
    "starRate": 4.4,
    "reviewCount": 930,
    "stock": 143,
    "imgSource": "./assets/images/books/savas-ve-baris.jpg",
    "type": "NOVEL"
  }
]
